sample,n_cells,true_label,positive_pct,mean_prob,accuracy
GSM3516671_METASTASIS,1630,1,24.662576687116562,0.3834675,24.662576687116562
GSM3516667_PRIMARY,2000,0,12.2,0.23879431,87.8
