{
  "auc": 0.9552146084337348,
  "f1": 0.8670338316286388,
  "teacher_agreement": 0.7786885245901639,
  "threshold": 0.5507280453225302
}