sample_id	prob
META_664	0.36912130602091886
META_668	0.5852190670043261
META_671	0.4766498319102008
NORM_666	0.2737832072672914
PRIM_665	0.39263207319840643
PRIM_667	0.5613293791141948
